Rule	Position	AA	ABC	AZT	D4T	DDI	FTC	3TC	TDF
M41L	41	L	5	15	15	10	0	0	5
A62V	62	V	5	5	5	5	5	5	5
K65E	65	E	10	0	10	10	0	0	10
K65N	65	N	30	-10	30	30	15	15	30
K65R	65	R	45	-15	60	60	30	30	60
D67E	67	E	5	10	10	5	0	0	5
D67G	67	G	5	10	10	5	0	0	5
D67H	67	H	5	10	10	5	0	0	5
D67N	67	N	5	15	15	5	0	0	5
D67S	67	S	5	10	10	5	0	0	5
D67T	67	T	5	10	10	5	0	0	5
D67Deletion	67	Deletion	30	30	30	30	15	15	30
S68Deletion	68	Deletion	15	0	30	30	15	15	15
T69D	69	D	0	0	10	30	0	0	0
T69G	69	G	10	5	10	10	0	0	5
T69Insertion	69	Insertion	60	60	60	60	30	30	60
T69Deletion	69	Deletion	15	0	30	30	15	15	15
K70E	70	E	15	-10	15	15	10	10	15
K70G	70	G	15	-10	15	15	10	10	15
K70N	70	N	15	0	15	15	10	10	15
K70Q	70	Q	15	0	15	15	10	10	15
K70R	70	R	5	30	15	10	0	0	5
K70S	70	S	15	0	15	15	10	10	15
K70T	70	T	15	0	15	15	10	10	15
K70Deletion	70	Deletion	15	0	30	30	15	15	15
L74I	74	I	30	0	0	60	0	0	5
L74V	74	V	30	0	0	60	0	0	0
V75A	75	A	0	0	30	15	0	0	0
V75I	75	I	5	5	5	5	5	5	5
V75M	75	M	0	10	30	15	0	0	0
V75S	75	S	0	0	30	15	0	0	0
V75T	75	T	0	0	60	30	0	0	0
F77L	77	L	5	10	10	10	5	5	5
Y115F	115	F	60	0	0	0	0	0	15
F116Y	116	Y	10	10	10	10	5	5	5
Q151L	151	L	30	30	30	30	10	10	10
Q151M	151	M	60	60	60	60	15	15	15
M184I	184	I	15	-10	-10	10	60	60	-10
M184V	184	V	15	-10	-10	10	60	60	-10
L210W	210	W	5	15	15	10	0	0	5
T215A	215	A	5	20	20	10	0	0	5
T215C	215	C	5	20	20	10	0	0	5
T215D	215	D	5	20	20	10	0	0	5
T215E	215	E	5	20	20	10	0	0	5
T215F	215	F	10	40	40	15	0	0	10
T215I	215	I	5	20	20	10	0	0	5
T215L	215	L	5	20	20	10	0	0	5
T215N	215	N	5	20	20	10	0	0	5
T215S	215	S	5	20	20	10	0	0	5
T215V	215	V	5	20	20	10	0	0	5
T215Y	215	Y	10	40	40	15	0	0	10
K219E	219	E	5	10	10	5	0	0	5
K219N	219	N	5	10	10	5	0	0	5
K219Q	219	Q	5	10	10	5	0	0	5
K219R	219	R	5	10	10	5	0	0	5
K219W	219	W	0	10	10	5	0	0	0
Q151M + M184IV			0	10	10	0	0	0	10
L210W + T215ACDEILNSV			5	5	5	5	0	0	5
L210W + T215FY			10	10	10	10	5	5	10
E40F + M41L + L210W + T215FY			5	5	5	5	0	0	5
M41L + L210W			10	10	10	10	0	0	10
M41L + L210W + T215FY			5	0	0	0	5	5	5
M41L + T215ACDEILNSV			5	5	5	5	0	0	5
M41L + T215FY			15	10	10	10	5	5	10
M41L + E44AD + L210W + T215FY			5	5	5	5	0	0	5
M41L + D67EGN + T215FY			5	5	5	5	5	5	5
K65R + Q151M			0	10	0	0	0	0	10
D67EGN + T215FY + K219ENQR			5	5	5	5	0	0	5
D67EGN + K70R + M184IV + K219ENQR			20	0	0	0	0	0	0
D67EGN + K70R + K219ENQR			10	10	10	10	10	10	10
K70EGNQST + M184IV			0	0	10	0	0	0	10
K70R + T215FY			5	5	5	5	0	0	5
L74IV + M184IV			15	0	0	0	0	0	0
F77L + F116Y + Q151M			10	10	10	10	15	15	15