Country,2010,2010_lower, 2010_upper, 2011,2011_lower, 2011_upper, 2012,2012_lower, 2012_upper, 2013,2013_lower, 2013_upper, 2014,2014_lower, 2014_upper, 2015,2015_lower, 2015_upper, 2016,2016_lower, 2016_upper, 2017,2017_lower, 2017_upper, 2017
Afghanistan,... ,... , ...,... ,... , ...,... ,... , ...,... ,... , ...,... ,... , ...,... ,... , ...,... ,... , ...,... ,... , ...,
Albania,<200 ,<200 , <200,<200 ,<200 , <200,<200 ,<200 , <200,<200 ,<200 , <200,<200 ,<100 , <200,<100 ,<100 , <200,<100 ,<100 , <200,<100 ,<100 , <200,-18
Algeria,<1000 ,<1000 , <1000,<1000 ,<1000 , 1000,1000 ,<1000 , 1100,1100 ,<1000 , 1100,1100 ,1000 , 1200,1200 ,1100 , 1300,1200 ,1100 , 1300,1200 ,1200 , 1400,39
Angola,26 000 ,21 000 , 32 000,27 000 ,22 000 , 33 000,28 000 ,22 000 , 34 000,27 000 ,22 000 , 34 000,27 000 ,21 000 , 34 000,26 000 ,20 000 , 34 000,26 000 ,20 000 , 35 000,27 000 ,20 000 , 37 000,1
Argentina,6000 ,5200 , 6700,6100 ,5300 , 6800,6100 ,5300 , 6900,6200 ,5400 , 6900,6300 ,5400 , 7000,6300 ,5500 , 7100,6400 ,5600 , 7200,6500 ,5600 , 7200,8
Armenia,<500 ,<200 , <500,<500 ,<200 , <500,<500 ,<200 , <500,<500 ,<200 , <500,<200 ,<200 , <500,<200 ,<200 , <500,<200 ,<200 , <500,<200 ,<200 , <500,-27
Australia,<1000 ,<1000 , 1100,<1000 ,<1000 , 1100,<1000 ,<1000 , 1100,<1000 ,<1000 , 1100,<1000 ,<1000 , 1100,<1000 ,<1000 , 1100,<1000 ,<1000 , 1100,1000 ,<1000 , 1100,8
Austria,<500 ,<500 , <500,<500 ,<500 , <500,<500 ,<500 , <500,<500 ,<500 , <500,<500 ,<500 , <500,<500 ,<200 , <500,<500 ,<200 , <500,<200 ,<200 , <500,-35
Azerbaijan,<1000 ,<1000 , 1000,<1000 ,<1000 , <1000,<1000 ,<500 , <1000,<1000 ,<500 , <1000,<1000 ,<500 , <1000,<1000 ,<500 , 1000,<1000 ,<500 , 1100,<1000 ,<500 , 1100,6
Bahamas,<500 ,<200 , <500,<500 ,<200 , <500,<200 ,<200 , <500,<200 ,<200 , <500,<200 ,<200 , <500,<200 ,<200 , <500,<200 ,<200 , <200,<200 ,<200 , <200,-38
Bahrain,<100 ,<100 , <100,<100 ,<100 , <100,<100 ,<100 , <100,<100 ,<100 , <100,<100 ,<100 , <100,<100 ,<100 , <100,<100 ,<100 , <100,<100 ,<100 , <100,5
Bangladesh,1500 ,1400 , 1700,1400 ,1300 , 1600,1500 ,1300 , 1600,1500 ,1300 , 1600,1500 ,1300 , 1700,1600 ,1400 , 1700,1600 ,1500 , 1800,1700 ,1500 , 1800,10
Barbados,<200 ,<200 , <500,<200 ,<200 , <200,<200 ,<200 , <200,<200 ,<200 , <200,<200 ,<200 , <200,<200 ,<200 , <200,<200 ,<200 , <200,<200 ,<200 , <200,-10
Belarus,1800 ,1400 , 2500,2100 ,1600 , 2900,2300 ,1800 , 3200,2500 ,1500 , 3700,2600 ,1600 , 4000,2700 ,1600 , 4200,2600 ,1600 , 4200,2400 ,1500 , 3900,34
Belgium,... ,... , ...,... ,... , ...,... ,... , ...,... ,... , ...,... ,... , ...,... ,... , ...,... ,... , ...,... ,... , ...,
Belize,<500 ,<500 , 4700,<500 ,<500 , 4700,<500 ,<500 , 4800,<500 ,<500 , 4800,<500 ,<500 , 4800,<500 ,<500 , 4900,<500 ,<500 , 4900,<500 ,<500 , 4900,23
Benin,4300 ,2200 , 7300,4400 ,2300 , 7400,4400 ,2300 , 7500,4500 ,2300 , 7700,4600 ,2400 , 7800,4300 ,2200 , 7300,4000 ,2100 , 6800,4000 ,2100 , 6800,-8
Bhutan,... ,... , ...,... ,... , ...,... ,... , ...,... ,... , ...,... ,... , ...,... ,... , ...,... ,... , ...,... ,... , ...,
Bolivia (Plurinational State of),1500 ,<1000 , 2300,1500 ,<1000 , 2300,1400 ,<1000 , 2400,1400 ,<1000 , 2500,1500 ,<1000 , 2600,1500 ,<1000 , 2700,1500 ,<1000 , 2800,1500 ,<1000 , 2800,-2
Bosnia and Herzegovina,... ,... , ...,... ,... , ...,... ,... , ...,... ,... , ...,... ,... , ...,... ,... , ...,... ,... , ...,... ,... , ...,
Botswana,13 000 ,9700 , 15 000,14 000 ,10 000 , 16 000,14 000 ,10 000 , 16 000,14 000 ,10 000 , 16 000,15 000 ,11 000 , 17 000,15 000 ,11 000 , 17 000,14 000 ,10 000 , 17 000,14 000 ,10 000 , 16 000,4
Brazil,47 000 ,34 000 , 60 000,47 000 ,34 000 , 61 000,47 000 ,34 000 , 61 000,48 000 ,34 000 , 62 000,48 000 ,34 000 , 62 000,48 000 ,34 000 , 62 000,48 000 ,35 000 , 63 000,48 000 ,35 000 , 63 000,3
Brunei Darussalam,... ,... , ...,... ,... , ...,... ,... , ...,... ,... , ...,... ,... , ...,... ,... , ...,... ,... , ...,... ,... , ...,
Bulgaria,<500 ,<500 , <500,<500 ,<500 , <500,<500 ,<500 , <500,<500 ,<500 , <500,<500 ,<500 , <500,<500 ,<500 , <500,<500 ,<200 , <500,<500 ,<200 , <500,-14
Burkina Faso,4200 ,2500 , 6000,4200 ,2500 , 6100,4100 ,2300 , 6000,4300 ,2500 , 6300,4200 ,2500 , 6600,4100 ,2500 , 6400,4200 ,2600 , 6600,4300 ,2600 , 6700,1
Burundi,3100 ,1900 , 4300,3100 ,2000 , 4400,3200 ,2000 , 4500,3200 ,2000 , 4500,3300 ,2000 , 4700,3200 ,1900 , 4600,3100 ,1900 , 4600,3100 ,1800 , 4600,-2
Cabo Verde,<200 ,<100 , <200,<200 ,<100 , <200,<200 ,<100 , <200,<200 ,<100 , <200,<200 ,<100 , <200,<200 ,<100 , <200,<200 ,<100 , <200,<200 ,<100 , <500,11
Cambodia,1600 ,1400 , 1800,1300 ,1200 , 1500,1100 ,1000 , 1300,<1000 ,<1000 , 1100,<1000 ,<1000 , <1000,<1000 ,<1000 , <1000,<1000 ,<1000 , <1000,<1000 ,<1000 , <1000,-63
Cameroon,34 000 ,28 000 , 39 000,33 000 ,26 000 , 39 000,32 000 ,25 000 , 37 000,30 000 ,23 000 , 36 000,30 000 ,23 000 , 36 000,29 000 ,21 000 , 36 000,29 000 ,20 000 , 37 000,28 000 ,19 000 , 36 000,-19
Canada,... ,... , ...,... ,... , ...,... ,... , ...,... ,... , ...,... ,... , ...,... ,... , ...,... ,... , ...,... ,... , ...,
Central African Republic,9500 ,8000 , 11 000,9500 ,8000 , 12 000,9400 ,7800 , 12 000,9400 ,7700 , 11 000,8900 ,7200 , 11 000,8300 ,6700 , 10 000,7800 ,6100 , 10 000,7700 ,5900 , 10 000,-19
Chad,6300 ,4800 , 7700,6200 ,4500 , 7600,6100 ,4300 , 7700,5900 ,4000 , 7400,6100 ,4100 , 7600,5600 ,3600 , 7300,5600 ,3500 , 7300,5800 ,3700 , 7700,-8
Chile,3200 ,2700 , 3600,3500 ,3000 , 4000,3800 ,3200 , 4400,4200 ,3500 , 4900,4600 ,3800 , 5300,5000 ,4200 , 5900,5500 ,4500 , 6400,6000 ,4800 , 7100,85
China,... ,... , ...,... ,... , ...,... ,... , ...,... ,... , ...,... ,... , ...,... ,... , ...,... ,... , ...,... ,... , ...,
Colombia,... ,... , ...,... ,... , ...,... ,... , ...,... ,... , ...,... ,... , ...,... ,... , ...,... ,... , ...,... ,... , ...,
Comoros,<100 ,<100 , <100,<100 ,<100 , <100,<100 ,<100 , <100,<100 ,<100 , <100,<100 ,<100 , <100,<100 ,<100 , <100,<100 ,<100 , <100,<100 ,<100 , <100,-8
Congo,7200 ,6000 , 8300,7300 ,6200 , 8300,7500 ,6400 , 8400,7700 ,6700 , 8700,7800 ,6800 , 8900,7900 ,6800 , 9100,7800 ,6700 , 9000,7900 ,6800 , 9200,10
Costa Rica,<1000 ,<1000 , <1000,<1000 ,<1000 , <1000,<1000 ,<1000 , <1000,<1000 ,<1000 , <1000,<1000 ,<1000 , 1000,<1000 ,<1000 , 1100,1000 ,<1000 , 1100,1100 ,<1000 , 1200,47
Croatia,... ,... , ...,... ,... , ...,... ,... , ...,... ,... , ...,... ,... , ...,... ,... , ...,... ,... , ...,... ,... , ...,
Cuba,2200 ,1800 , 2500,2200 ,1900 , 2600,2300 ,1900 , 2600,2300 ,1900 , 2600,2200 ,1800 , 2500,2100 ,1800 , 2400,2000 ,1700 , 2300,1800 ,1500 , 2200,-15
Cyprus,<100 ,<100 , <100,<100 ,<100 , <100,<100 ,<100 , <100,<100 ,<100 , <100,<100 ,<100 , <100,<100 ,<100 , <100,<100 ,<100 , <100,<100 ,<100 , <100,40
Czech Republic,<200 ,<200 , <200,<200 ,<200 , <500,<200 ,<200 , <500,<500 ,<200 , <500,<500 ,<200 , <500,<500 ,<500 , <500,<500 ,<500 , <500,<500 ,<500 , <500,91
CÃ´te d'Ivoire,29 000 ,13 000 , 54 000,30 000 ,13 000 , 57 000,31 000 ,13 000 , 57 000,31 000 ,13 000 , 58 000,32 000 ,14 000 , 59 000,32 000 ,14 000 , 59 000,31 000 ,13 000 , 58 000,30 000 ,13 000 , 56 000,3
Democratic People's Republic of Korea,... ,... , ...,... ,... , ...,... ,... , ...,... ,... , ...,... ,... , ...,... ,... , ...,... ,... , ...,... ,... , ...,
Democratic Republic of the Congo,23 000 ,17 000 , 30 000,21 000 ,15 000 , 28 000,20 000 ,14 000 , 26 000,18 000 ,12 000 , 25 000,17 000 ,11 000 , 24 000,17 000 ,9800 , 24 000,16 000 ,9000 , 23 000,15 000 ,8200 , 23 000,-35
Denmark,<200 ,<200 , <200,<200 ,<200 , <200,<200 ,<200 , <200,<200 ,<200 , <200,<200 ,<200 , <200,<200 ,<200 , <200,<200 ,<200 , <200,<200 ,<200 , <200,-24
Djibouti,<1000 ,<500 , <1000,<1000 ,<500 , <1000,<1000 ,<500 , <1000,<1000 ,<500 , <1000,<1000 ,<500 , <1000,<1000 ,<500 , <1000,<1000 ,<500 , <1000,<1000 ,<500 , 1000,9
Dominican Republic,2700 ,1900 , 3800,2600 ,1700 , 3600,2600 ,1700 , 3700,2700 ,1700 , 3800,2600 ,1700 , 3800,2500 ,1500 , 4000,2400 ,1400 , 4500,2400 ,1200 , 4900,-14
Ecuador,2100 ,1200 , 4200,2000 ,1200 , 4100,2000 ,1100 , 4200,2000 ,1100 , 4300,2100 ,1100 , 4300,2000 ,1100 , 4300,2000 ,1100 , 4300,2000 ,1100 , 4400,-1
Egypt,1200 ,1100 , 1300,1300 ,1200 , 1400,1400 ,1300 , 1600,1600 ,1400 , 1700,1700 ,1600 , 1900,1900 ,1800 , 2100,2100 ,1900 , 2400,2300 ,2100 , 2600,101
El Salvador,1500 ,1400 , 1700,1500 ,1400 , 1600,1400 ,1300 , 1600,1400 ,1300 , 1500,1400 ,1300 , 1500,1300 ,1200 , 1400,1300 ,1200 , 1400,1200 ,1100 , 1300,-20
Equatorial Guinea,3700 ,3000 , 4600,3900 ,3200 , 5000,4100 ,3300 , 5400,4100 ,3100 , 5500,3900 ,2900 , 5600,4100 ,3000 , 5900,4100 ,2900 , 6100,4100 ,2800 , 6400,10
Eritrea,<500 ,<500 , <1000,<500 ,<500 , <1000,<500 ,<500 , <1000,<500 ,<500 , <1000,<500 ,<500 , <1000,<1000 ,<500 , <1000,<1000 ,<500 , <1000,<1000 ,<500 , <1000,18
Estonia,<500 ,<500 , <500,<500 ,<500 , <500,<500 ,<500 , <500,<500 ,<500 , <500,<500 ,<500 , <500,<500 ,<500 , <500,<500 ,<500 , <500,<500 ,<500 , <500,-12
Ethiopia,17 000 ,7600 , 30 000,16 000 ,7200 , 28 000,15 000 ,6900 , 27 000,14 000 ,6400 , 25 000,14 000 ,6200 , 24 000,15 000 ,6600 , 26 000,15 000 ,7000 , 27 000,16 000 ,7200 , 28 000,-5
Fiji,... ,... , ...,... ,... , ...,... ,... , ...,... ,... , ...,... ,... , ...,... ,... , ...,... ,... , ...,... ,... , ...,
Finland,... ,... , ...,... ,... , ...,... ,... , ...,... ,... , ...,... ,... , ...,... ,... , ...,... ,... , ...,... ,... , ...,
France,7200 ,5900 , 8500,6500 ,5200 , 7600,7100 ,5800 , 8400,5900 ,4800 , 7000,5500 ,4500 , 6600,5400 ,4400 , 6500,5400 ,4300 , 6500,5300 ,4300 , 6400,-27
Gabon,3200 ,2800 , 3700,3300 ,2900 , 3800,3300 ,2900 , 3800,3300 ,2900 , 3800,3300 ,2800 , 3800,3300 ,2800 , 3900,3100 ,2700 , 3700,3100 ,2600 , 3700,-4
Gambia,1600 ,1300 , 2000,1500 ,1200 , 1900,1400 ,1100 , 1800,1400 ,1100 , 1800,1400 ,1100 , 1800,1400 ,<1000 , 1800,1400 ,1000 , 1800,1400 ,<1000 , 1800,-16
Georgia,<1000 ,<1000 , 1300,1000 ,<1000 , 1300,1000 ,<1000 , 1400,1000 ,<1000 , 1400,<1000 ,<1000 , 1500,<1000 ,<1000 , 1500,<1000 ,<1000 , 1600,<1000 ,<1000 , 1700,-10
Germany,... ,... , ...,... ,... , ...,... ,... , ...,... ,... , ...,... ,... , ...,... ,... , ...,... ,... , ...,... ,... , ...,
Ghana,21 000 ,17 000 , 24 000,20 000 ,16 000 , 24 000,19 000 ,15 000 , 23 000,19 000 ,16 000 , 23 000,19 000 ,15 000 , 24 000,20 000 ,16 000 , 24 000,19 000 ,15 000 , 24 000,19 000 ,15 000 , 24 000,-8
Greece,<1000 ,<1000 , <1000,<1000 ,<1000 , <1000,<1000 ,<1000 , <1000,<1000 ,<1000 , <1000,<1000 ,<1000 , <1000,<1000 ,<1000 , <1000,<1000 ,<1000 , 1000,<1000 ,<1000 , 1100,32
Guatemala,2700 ,2200 , 3400,2700 ,2100 , 3300,2700 ,2100 , 3400,2600 ,2000 , 3300,2600 ,1900 , 3300,2500 ,1900 , 3300,2400 ,1800 , 3200,2300 ,1700 , 3100,-14
Guinea,8500 ,6900 , 10 000,8300 ,6500 , 10 000,8200 ,6200 , 10 000,7600 ,5600 , 9700,7800 ,5600 , 9900,8200 ,6000 , 11 000,8100 ,5700 , 11 000,8100 ,5700 , 11 000,-5
Guinea-Bissau,3200 ,2700 , 3700,3000 ,2400 , 3500,2800 ,2200 , 3300,2400 ,1800 , 3000,2400 ,1800 , 3000,2400 ,1700 , 3000,2300 ,1600 , 2900,2300 ,1700 , 2900,-27
Guyana,<500 ,<500 , <1000,<500 ,<500 , <1000,<500 ,<500 , <1000,<500 ,<500 , <1000,<500 ,<500 , <1000,<500 ,<500 , <1000,<500 ,<500 , <1000,<500 ,<500 , <1000,-10
Haiti,9800 ,7500 , 13 000,9800 ,7500 , 13 000,9500 ,7300 , 13 000,9100 ,7000 , 12 000,8700 ,6700 , 12 000,8400 ,6500 , 11 000,8200 ,6300 , 11 000,7600 ,5800 , 10 000,-23
Honduras,<1000 ,<1000 , 1200,<1000 ,<1000 , 1200,<1000 ,<1000 , 1100,<1000 ,<1000 , 1200,<1000 ,<1000 , 1200,<1000 ,<1000 , 1200,<1000 ,<1000 , 1200,<1000 ,<1000 , 1200,4
Hungary,<200 ,<200 , <200,<200 ,<200 , <200,<200 ,<200 , <500,<200 ,<200 , <500,<500 ,<200 , <500,<500 ,<200 , <500,<500 ,<200 , <500,<500 ,<500 , <500,64
Iceland,... ,... , ...,... ,... , ...,... ,... , ...,... ,... , ...,... ,... , ...,... ,... , ...,... ,... , ...,... ,... , ...,
India,120 000 ,60 000 , 210 000,120 000 ,58 000 , 210 000,110 000 ,56 000 , 200 000,110 000 ,54 000 , 190 000,100 000 ,51 000 , 180 000,99 000 ,49 000 , 180 000,94 000 ,47 000 , 170 000,88 000 ,44 000 , 160 000,-27
Indonesia,61 000 ,54 000 , 70 000,60 000 ,52 000 , 68 000,58 000 ,51 000 , 66 000,55 000 ,48 000 , 63 000,52 000 ,45 000 , 60 000,52 000 ,46 000 , 60 000,49 000 ,43 000 , 57 000,49 000 ,43 000 , 57 000,-19
Iran (Islamic Republic of),5200 ,3100 , 9000,5100 ,2600 , 9700,5100 ,2200 , 10 000,5000 ,2000 , 11 000,5000 ,1800 , 11 000,4900 ,1600 , 12 000,4800 ,1500 , 12 000,4700 ,1400 , 11 000,-10
Ireland,... ,... , ...,... ,... , ...,... ,... , ...,... ,... , ...,... ,... , ...,... ,... , ...,... ,... , ...,... ,... , ...,
Israel,... ,... , ...,... ,... , ...,... ,... , ...,... ,... , ...,... ,... , ...,... ,... , ...,... ,... , ...,... ,... , ...,
Italy,2900 ,2400 , 3200,2800 ,2300 , 3200,2800 ,2300 , 3200,2800 ,2300 , 3100,2800 ,2200 , 3100,2700 ,2200 , 3100,2700 ,2200 , 3100,2700 ,2100 , 3100,-5
Jamaica,2000 ,1600 , 2400,2000 ,1600 , 2500,2000 ,1600 , 2500,2000 ,1600 , 2500,2000 ,1600 , 2500,2000 ,1600 , 2500,1900 ,1500 , 2500,1900 ,1500 , 2500,-6
Japan,1500 ,1100 , 1800,1500 ,1100 , 1800,1500 ,1100 , 1800,1500 ,1100 , 1800,1500 ,1100 , 1800,1500 ,1100 , 1800,1500 ,1100 , 1700,1500 ,1100 , 1700,-1
Jordan,... ,... , ...,... ,... , ...,... ,... , ...,... ,... , ...,... ,... , ...,... ,... , ...,... ,... , ...,... ,... , ...,
Kazakhstan,1800 ,1400 , 1900,2000 ,1500 , 2200,2300 ,1600 , 2500,2600 ,1800 , 2800,2900 ,1900 , 3100,3200 ,2000 , 3500,3400 ,2000 , 3900,3700 ,2000 , 4500,106
Kenya,77 000 ,45 000 , 130 000,74 000 ,43 000 , 120 000,73 000 ,43 000 , 120 000,71 000 ,42 000 , 120 000,67 000 ,39 000 , 110 000,60 000 ,35 000 , 97 000,55 000 ,32 000 , 90 000,53 000 ,31 000 , 86 000,-32
Kuwait,<100 ,<100 , <100,<100 ,<100 , <100,<100 ,<100 , <100,<100 ,<100 , <100,<100 ,<100 , <100,<100 ,<100 , <100,<100 ,<100 , <100,<100 ,<100 , <100,128
Kyrgyzstan,<1000 ,<1000 , 1100,<1000 ,<1000 , 1200,<1000 ,<1000 , 1200,<1000 ,<1000 , 1100,<1000 ,<1000 , 1100,<1000 ,<500 , 1000,<1000 ,<500 , <1000,<1000 ,<500 , <1000,-27
Lao People's Democratic Republic,... ,... , ...,... ,... , ...,... ,... , ...,... ,... , ...,... ,... , ...,... ,... , ...,... ,... , ...,... ,... , ...,
Latvia,... ,... , ...,... ,... , ...,... ,... , ...,... ,... , ...,... ,... , ...,... ,... , ...,... ,... , ...,... ,... , ...,
Lebanon,... ,... , ...,... ,... , ...,... ,... , ...,... ,... , ...,... ,... , ...,... ,... , ...,... ,... , ...,<200 ,<200 , <200,
Lesotho,19 000 ,17 000 , 20 000,18 000 ,16 000 , 20 000,19 000 ,17 000 , 21 000,19 000 ,17 000 , 21 000,19 000 ,17 000 , 21 000,19 000 ,17 000 , 21 000,18 000 ,16 000 , 20 000,15 000 ,13 000 , 17 000,-21
Liberia,2500 ,1900 , 3100,2500 ,1800 , 3000,2400 ,1800 , 3100,2500 ,1800 , 3200,2500 ,1800 , 3200,2400 ,1700 , 3200,2400 ,1700 , 3200,2300 ,1700 , 3200,-8
Lithuania,<200 ,<200 , <500,<500 ,<500 , <500,<500 ,<500 , <500,<500 ,<500 , <500,<500 ,<500 , <500,<500 ,<500 , <500,<500 ,<500 , <500,<500 ,<500 , <500,73
Luxembourg,<100 ,<100 , <100,<100 ,<100 , <100,<100 ,<100 , <100,<100 ,<100 , <100,<100 ,<100 , <100,<100 ,<100 , <100,<100 ,<100 , <100,<100 ,<100 , <100,44
Madagascar,2100 ,1700 , 2600,2400 ,2000 , 3100,2800 ,2300 , 3700,3300 ,2600 , 4300,3800 ,2800 , 5100,4300 ,3300 , 6000,4800 ,3500 , 6700,5300 ,3800 , 7800,154
Malawi,64 000 ,60 000 , 81 000,61 000 ,57 000 , 78 000,56 000 ,52 000 , 73 000,53 000 ,49 000 , 68 000,49 000 ,46 000 , 64 000,46 000 ,42 000 , 60 000,43 000 ,39 000 , 56 000,39 000 ,35 000 , 51 000,-40
Malaysia,7200 ,6500 , 7800,7000 ,6300 , 7600,6900 ,6200 , 7500,6800 ,6200 , 7400,6900 ,6300 , 7500,7100 ,6300 , 7700,7600 ,6800 , 8200,7800 ,7000 , 8500,9
Maldives,... ,... , ...,... ,... , ...,... ,... , ...,... ,... , ...,... ,... , ...,... ,... , ...,... ,... , ...,... ,... , ...,
Mali,9300 ,7400 , 11 000,9200 ,7100 , 11 000,9200 ,7200 , 12 000,9700 ,7600 , 12 000,9800 ,7500 , 12 000,9800 ,7300 , 12 000,9800 ,7300 , 12 000,9900 ,7300 , 12 000,6
Malta,... ,... , ...,... ,... , ...,... ,... , ...,... ,... , ...,... ,... , ...,... ,... , ...,... ,... , ...,... ,... , ...,
Mauritania,<500 ,<500 , <1000,<500 ,<500 , <1000,<500 ,<500 , <1000,<500 ,<500 , <1000,<500 ,<200 , <1000,<500 ,<200 , <1000,<500 ,<200 , <1000,<500 ,<200 , <1000,-37
Mauritius,... ,... , ...,... ,... , ...,... ,... , ...,... ,... , ...,... ,... , ...,... ,... , ...,... ,... , ...,... ,... , ...,
Mexico,13 000 ,12 000 , 14 000,13 000 ,12 000 , 14 000,14 000 ,12 000 , 15 000,14 000 ,12 000 , 15 000,14 000 ,12 000 , 15 000,14 000 ,13 000 , 15 000,14 000 ,13 000 , 16 000,15 000 ,13 000 , 16 000,12
Mongolia,<100 ,<100 , <100,<100 ,<100 , <200,<100 ,<100 , <200,<100 ,<100 , <100,<100 ,<100 , <100,<100 ,<100 , <100,<100 ,<100 , <100,<100 ,<100 , <100,-60
Montenegro,<100 ,<100 , <100,<100 ,<100 , <100,<100 ,<100 , <100,<100 ,<100 , <100,<100 ,<100 , <100,<100 ,<100 , <100,<100 ,<100 , <100,<100 ,<100 , <100,86
Morocco,1300 ,<1000 , 1800,1200 ,<1000 , 1800,1200 ,<1000 , 1800,1200 ,<1000 , 1700,1100 ,<1000 , 1700,1100 ,<1000 , 1700,1000 ,<1000 , 1600,<1000 ,<1000 , 1600,-22
Mozambique,170 000 ,130 000 , 230 000,170 000 ,120 000 , 230 000,160 000 ,120 000 , 220 000,160 000 ,120 000 , 210 000,150 000 ,110 000 , 200 000,140 000 ,100 000 , 190 000,140 000 ,99 000 , 180 000,130 000 ,92 000 , 170 000,-27
Myanmar,15 000 ,14 000 , 17 000,15 000 ,13 000 , 16 000,14 000 ,13 000 , 16 000,14 000 ,12 000 , 15 000,13 000 ,12 000 , 14 000,13 000 ,11 000 , 14 000,12 000 ,11 000 , 13 000,11 000 ,9900 , 12 000,-29
Namibia,9800 ,8000 , 11 000,9300 ,7600 , 10 000,9300 ,7600 , 10 000,9200 ,7500 , 10 000,8500 ,6900 , 9400,8400 ,6800 , 9300,7700 ,6100 , 8700,7400 ,5900 , 8400,-24
Nepal,2100 ,1900 , 2300,1900 ,1700 , 2100,1700 ,1500 , 1800,1400 ,1300 , 1600,1300 ,1100 , 1400,1100 ,<1000 , 1200,<1000 ,<1000 , 1000,<1000 ,<1000 , <1000,-61
Netherlands,<1000 ,<1000 , <1000,<1000 ,<1000 , <1000,<1000 ,<1000 , <1000,<1000 ,<1000 , <1000,<1000 ,<1000 , <1000,<1000 ,<1000 , <1000,<1000 ,<1000 , <1000,<1000 ,<1000 , <1000,-49
New Zealand,... ,... , ...,... ,... , ...,... ,... , ...,... ,... , ...,... ,... , ...,... ,... , ...,... ,... , ...,... ,... , ...,
Nicaragua,<500 ,<500 , <1000,<500 ,<500 , <1000,<500 ,<500 , <1000,<500 ,<500 , <1000,<500 ,<500 , <1000,<500 ,<500 , <1000,<500 ,<500 , <1000,<500 ,<500 , <1000,-9
Niger,1600 ,1200 , 2100,1700 ,1200 , 2100,1700 ,1200 , 2200,1600 ,1200 , 2100,1600 ,1200 , 2100,1700 ,1200 , 2200,1500 ,1100 , 2000,1700 ,1200 , 2200,4
Nigeria,... ,... , ...,... ,... , ...,... ,... , ...,... ,... , ...,... ,... , ...,... ,... , ...,... ,... , ...,... ,... , ...,-5
Norway,... ,... , ...,... ,... , ...,... ,... , ...,... ,... , ...,... ,... , ...,... ,... , ...,... ,... , ...,... ,... , ...,-23
Oman,... ,... , ...,... ,... , ...,... ,... , ...,... ,... , ...,... ,... , ...,... ,... , ...,... ,... , ...,... ,... , ...,
Pakistan,14 000 ,12 000 , 15 000,14 000 ,13 000 , 15 000,15 000 ,13 000 , 16 000,16 000 ,14 000 , 17 000,17 000 ,15 000 , 19 000,18 000 ,16 000 , 20 000,19 000 ,17 000 , 21 000,20 000 ,18 000 , 21 000,45
Panama,1500 ,1300 , 1600,1500 ,1300 , 1600,1500 ,1400 , 1700,1500 ,1400 , 1700,1600 ,1400 , 1700,1600 ,1400 , 1700,1600 ,1400 , 1800,1600 ,1400 , 1800,10
Papua New Guinea,2800 ,2500 , 3200,2900 ,2500 , 3200,2900 ,2500 , 3300,3000 ,2500 , 3400,3000 ,2500 , 3500,3000 ,2500 , 3600,3000 ,2500 , 3600,3000 ,2500 , 3600,5
Paraguay,1400 ,<1000 , 2800,1400 ,<1000 , 3000,1400 ,<1000 , 3000,1500 ,<1000 , 3300,1500 ,<1000 , 3700,1500 ,<1000 , 4100,1400 ,<1000 , 4500,1400 ,<1000 , 4900,-1
Peru,3300 ,2100 , 5200,3200 ,2100 , 5100,3100 ,2000 , 5100,3000 ,1900 , 5100,3000 ,1900 , 5100,2900 ,1800 , 5200,2900 ,1700 , 5200,2800 ,1700 , 5200,-14
Philippines,4400 ,4000 , 4800,4600 ,4200 , 5100,5400 ,4800 , 5900,6600 ,6000 , 7200,8200 ,7400 , 8900,9600 ,8600 , 10 000,11 000 ,9600 , 12 000,12 000 ,11 000 , 13 000,174
Poland,... ,... , ...,... ,... , ...,... ,... , ...,... ,... , ...,... ,... , ...,... ,... , ...,... ,... , ...,... ,... , ...,
Portugal,1300 ,<1000 , 1400,1200 ,<1000 , 1300,1100 ,<1000 , 1200,1000 ,<1000 , 1200,<1000 ,<1000 , 1300,<1000 ,<1000 , 1300,<1000 ,<1000 , 1500,<1000 ,<500 , 1600,-45
Qatar,<100 ,<100 , <100,<100 ,<100 , <100,<100 ,<100 , <100,<100 ,<100 , <100,<100 ,<100 , <100,<100 ,<100 , <100,<100 ,<100 , <100,<100 ,<100 , <100,54
Republic of Korea,... ,... , ...,... ,... , ...,... ,... , ...,... ,... , ...,... ,... , ...,... ,... , ...,... ,... , ...,... ,... , ...,
Republic of Moldova,1400 ,<1000 , 2200,1300 ,<1000 , 2100,1300 ,<1000 , 2000,1200 ,<1000 , 2000,1200 ,<1000 , 2000,1300 ,<1000 , 2000,1300 ,<1000 , 2100,1300 ,<1000 , 2100,-2
Romania,<1000 ,<1000 , <1000,<1000 ,<1000 , <1000,<1000 ,<1000 , <1000,<1000 ,<1000 , <1000,<1000 ,<1000 , <1000,<1000 ,<1000 , 1100,<1000 ,<1000 , 1500,<1000 ,<1000 , 2100,-10
Russian Federation,74 000 ,63 000 , 91 000,80 000 ,68 000 , 98 000,84 000 ,71 000 , 100 000,88 000 ,74 000 , 110 000,91 000 ,77 000 , 110 000,95 000 ,80 000 , 120 000,98 000 ,83 000 , 120 000,100 000 ,85 000 , 120 000,35
Rwanda,9300 ,7700 , 11 000,8500 ,6900 , 10 000,8400 ,6800 , 10 000,8100 ,6500 , 9600,7800 ,6200 , 9300,7500 ,5900 , 9100,7400 ,5800 , 9000,7400 ,5700 , 9100,-20
Saudi Arabia,... ,... , ...,... ,... , ...,... ,... , ...,... ,... , ...,... ,... , ...,... ,... , ...,... ,... , ...,... ,... , ...,
Senegal,2200 ,1600 , 2800,2000 ,1400 , 2600,1800 ,1200 , 2400,1700 ,1100 , 2300,1600 ,1000 , 2300,1500 ,<1000 , 2200,1500 ,<1000 , 2300,1600 ,<1000 , 2300,-30
Serbia,<200 ,<200 , <500,<200 ,<200 , <500,<200 ,<200 , <500,<200 ,<200 , <500,<200 ,<200 , <500,<200 ,<200 , <500,<200 ,<100 , <500,<200 ,<100 , <500,-8
Sierra Leone,4900 ,4100 , 5800,4500 ,3600 , 5400,4200 ,3200 , 5200,4100 ,3100 , 5400,4000 ,2900 , 5300,3700 ,2500 , 5200,3500 ,2200 , 5100,3200 ,2000 , 4800,-34
Singapore,<500 ,<500 , <500,<500 ,<500 , <500,<500 ,<500 , <500,<500 ,<500 , <500,<500 ,<500 , <500,<500 ,<500 , <500,<500 ,<500 , <500,<500 ,<500 , <500,-24
Slovakia,<100 ,<100 , <100,<100 ,<100 , <100,<100 ,<100 , <200,<100 ,<100 , <200,<100 ,<100 , <200,<100 ,<100 , <200,<100 ,<100 , <200,<200 ,<100 , <200,129
Slovenia,<100 ,<100 , <100,<100 ,<100 , <100,<100 ,<100 , <100,<100 ,<100 , <100,<100 ,<100 , <100,<100 ,<100 , <200,<100 ,<100 , <200,<100 ,<100 , <200,16
Somalia,<1000 ,<1000 , <1000,<1000 ,<1000 , <1000,<500 ,<500 , <1000,<500 ,<500 , <1000,<500 ,<500 , <1000,<500 ,<500 , <1000,<500 ,<500 , <1000,<500 ,<500 , <1000,-23
South Africa,390 000 ,360 000 , 420 000,360 000 ,330 000 , 390 000,340 000 ,310 000 , 360 000,320 000 ,300 000 , 350 000,310 000 ,290 000 , 340 000,300 000 ,270 000 , 330 000,280 000 ,260 000 , 310 000,270 000 ,240 000 , 300 000,-31
South Sudan,15 000 ,11 000 , 21 000,15 000 ,10 000 , 21 000,15 000 ,10 000 , 22 000,15 000 ,9500 , 23 000,15 000 ,9500 , 23 000,14 000 ,8700 , 24 000,14 000 ,8600 , 25 000,14 000 ,7900 , 26 000,-6
Spain,4600 ,3800 , 5000,4500 ,3700 , 5000,4500 ,3600 , 5000,4400 ,3500 , 4900,4300 ,3400 , 4800,4200 ,3300 , 4700,4200 ,3200 , 4700,4100 ,3200 , 4600,-10
Sri Lanka,<500 ,<500 , <500,<500 ,<200 , <500,<500 ,<200 , <500,<200 ,<200 , <500,<200 ,<200 , <500,<200 ,<200 , <500,<200 ,<200 , <200,<200 ,<200 , <200,-26
Sudan,4400 ,2700 , 6700,4400 ,2500 , 7000,4400 ,2300 , 7400,4500 ,2100 , 7800,4500 ,2000 , 8100,4500 ,1800 , 8600,4600 ,1600 , 9100,4700 ,1500 , 9600,7
Suriname,<500 ,<200 , <500,<500 ,<500 , <500,<500 ,<500 , <500,<500 ,<500 , <500,<500 ,<500 , <500,<500 ,<500 , <500,<500 ,<500 , <500,<500 ,<500 , <500,30
Swaziland,14 000 ,13 000 , 15 000,13 000 ,13 000 , 14 000,13 000 ,12 000 , 14 000,12 000 ,11 000 , 13 000,11 000 ,10 000 , 12 000,9300 ,8500 , 10 000,8000 ,7200 , 8900,7000 ,6200 , 7900,-50
Sweden,... ,... , ...,... ,... , ...,... ,... , ...,... ,... , ...,... ,... , ...,... ,... , ...,... ,... , ...,... ,... , ...,
Switzerland,... ,... , ...,... ,... , ...,... ,... , ...,... ,... , ...,... ,... , ...,... ,... , ...,... ,... , ...,... ,... , ...,
Syrian Arab Republic,... ,... , ...,... ,... , ...,... ,... , ...,... ,... , ...,... ,... , ...,... ,... , ...,... ,... , ...,... ,... , ...,
Tajikistan,1400 ,1000 , 1800,1300 ,<1000 , 1800,1300 ,<1000 , 1800,1300 ,<1000 , 1800,1200 ,<1000 , 1900,1300 ,<1000 , 2000,1300 ,<1000 , 2200,1300 ,<1000 , 2400,-2
Thailand,... ,... , ...,... ,... , ...,... ,... , ...,... ,... , ...,... ,... , ...,... ,... , ...,... ,... , ...,... ,... , ...,
The former Yugoslav Republic of Macedonia,<100 ,<100 , <100,<100 ,<100 , <100,<100 ,<100 , <100,<100 ,<100 , <100,<100 ,<100 , <100,<100 ,<100 , <100,<100 ,<100 , <100,<100 ,<100 , <100,92
Timor-Leste,... ,... , ...,... ,... , ...,... ,... , ...,... ,... , ...,... ,... , ...,... ,... , ...,... ,... , ...,... ,... , ...,
Togo,6700 ,2800 , 11 000,6000 ,2500 , 10 000,5700 ,2400 , 9600,5500 ,2300 , 9200,5400 ,2200 , 9000,5000 ,2100 , 8400,4900 ,2000 , 8200,4900 ,2100 , 8300,-27
Trinidad and Tobago,<1000 ,<500 , <1000,<500 ,<500 , <1000,<500 ,<500 , <500,<500 ,<500 , <500,<500 ,<500 , <500,<500 ,<500 , <500,<500 ,<500 , <500,<500 ,<500 , <500,-37
Tunisia,<500 ,<200 , <500,<500 ,<200 , <500,<500 ,<200 , <500,<500 ,<200 , <500,<500 ,<200 , <500,<500 ,<200 , <500,<500 ,<200 , <500,<500 ,<200 , <500,12
Turkey,... ,... , ...,... ,... , ...,... ,... , ...,... ,... , ...,... ,... , ...,... ,... , ...,... ,... , ...,... ,... , ...,
Turkmenistan,... ,... , ...,... ,... , ...,... ,... , ...,... ,... , ...,... ,... , ...,... ,... , ...,... ,... , ...,... ,... , ...,
Uganda,100 000 ,92 000 , 120 000,99 000 ,87 000 , 110 000,89 000 ,79 000 , 100 000,81 000 ,72 000 , 94 000,71 000 ,62 000 , 83 000,62 000 ,54 000 , 73 000,57 000 ,48 000 , 66 000,50 000 ,42 000 , 59 000,-51
Ukraine,15 000 ,13 000 , 18 000,15 000 ,12 000 , 17 000,14 000 ,12 000 , 17 000,14 000 ,11 000 , 17 000,14 000 ,11 000 , 16 000,13 000 ,11 000 , 16 000,13 000 ,11 000 , 16 000,13 000 ,10 000 , 15 000,-16
United Arab Emirates,... ,... , ...,... ,... , ...,... ,... , ...,... ,... , ...,... ,... , ...,... ,... , ...,... ,... , ...,... ,... , ...,
United Kingdom,... ,... , ...,... ,... , ...,... ,... , ...,... ,... , ...,... ,... , ...,... ,... , ...,... ,... , ...,... ,... , ...,
United Republic of Tanzania,84 000 ,77 000 , 91 000,83 000 ,77 000 , 90 000,83 000 ,76 000 , 91 000,79 000 ,71 000 , 87 000,76 000 ,68 000 , 83 000,73 000 ,66 000 , 81 000,70 000 ,63 000 , 78 000,65 000 ,58 000 , 74 000,-22
United States,42 000 ,33 000 , 47 000,41 000 ,33 000 , 46 000,40 000 ,32 000 , 45 000,39 000 ,31 000 , 44 000,39 000 ,31 000 , 45 000,39 000 ,30 000 , 45 000,... ,... , ...,... ,... , ...,
Uruguay,<1000 ,<1000 , <1000,<1000 ,<1000 , <1000,<1000 ,<1000 , <1000,<1000 ,<1000 , <1000,<1000 ,<1000 , <1000,<1000 ,<1000 , <1000,<1000 ,<1000 , <1000,<1000 ,<500 , <1000,-13
Uzbekistan,3600 ,2900 , 4600,4100 ,3300 , 5200,4200 ,3300 , 5400,3600 ,2600 , 4800,4200 ,3200 , 5600,5800 ,4800 , 7600,6100 ,5000 , 7900,6400 ,5100 , 8200,77
Venezuela (Bolivarian Republic of),... ,... , ...,... ,... , ...,... ,... , ...,... ,... , ...,... ,... , ...,... ,... , ...,... ,... , ...,... ,... , ...,
Viet Nam,... ,... , ...,... ,... , ...,... ,... , ...,... ,... , ...,... ,... , ...,... ,... , ...,... ,... , ...,... ,... , ...,
Yemen,... ,... , ...,... ,... , ...,... ,... , ...,... ,... , ...,... ,... , ...,... ,... , ...,... ,... , ...,... ,... , ...,
Zambia,63 000 ,53 000 , 77 000,61 000 ,52 000 , 74 000,60 000 ,51 000 , 73 000,61 000 ,51 000 , 73 000,58 000 ,49 000 , 70 000,53 000 ,45 000 , 64 000,50 000 ,42 000 , 60 000,48 000 ,41 000 , 58 000,-24
Zimbabwe,74 000 ,52 000 , 93 000,68 000 ,49 000 , 87 000,62 000 ,44 000 , 79 000,60 000 ,43 000 , 76 000,56 000 ,40 000 , 71 000,51 000 ,36 000 , 65 000,46 000 ,33 000 , 59 000,41 000 ,29 000 , 52 000,-44
Global,2 200 000 ,1 700 000,2 900 000,2 100 000 ,1 700 000,2 800 000,2 100 000 ,1 600 000,2 700 000,2 000 000 ,1 600 000,2 700 000,2 000 000 ,1 500 000,2 600 000,1 900 000 ,1 500 000,2 500 000,1 900 000 ,1 400 000,2 400 000,1 800 000 ,1 400 000,2 400 000,-18